[{"ID": "TME", "Name": "Haven", "Organizer": "Admin Skye", "Start Date": "2022-01-25", "Start Time": "10:40:00", "End Date": "2022-01-25", "End Time": "14:40:00", "Users Registered": ["Brimstone Sharma", "Jahir Khan"], "Capacity": 50, "Seats Available": 49}, {"ID": "YXE", "Name": "Ascent", "Organizer": "Admin Skye", "Start Date": "2021-12-19", "Start Time": "15:00:00", "End Date": "2021-12-19", "End Time": "15:50:00", "Users Registered": ["Brimstone Sharma", "Omen Kumar"], "Capacity": 10, "Seats Available": 8}, {"ID": "AW4", "Name": "IceBox", "Organizer": "Admin Cypher", "Start Date": "2022-02-10", "Start Time": "12:50:00", "End Date": "2022-02-10", "End Time": "13:40:00", "Users Registered": [], "Capacity": 100, "Seats Available": 100}, {"Organizer": "Jahir Abbas Khan", "ID": "X5O", "Name": "BlueSku", "Start Date": "2022-07-23", "Start Time": "06-23-25", "End Date": "2022-09-23", "End Time": "09-35-34", "Users Registered": [], "Capacity": 100, "Seats Available": 100}, {"Organizer": "Jahir Abbas Khan", "ID": "12E", "Name": "PoolParty", "Start Date": "2022-07-20", "Start Time": "05-12-34", "End Date": "2022-08-23", "End Time": "08-09-28", "Users Registered": [], "Capacity": 100, "Seats Available": 100}, {"Organizer": "Jahir Abbas Khan", "ID": "C1N", "Name": "WaterParty", "Start Date": "2022-07-24", "Start Time": "09-24-45", "End Date": "2022-08-23", "End Time": "07-08-28", "Users Registered": ["Jahir Khan", "Jahir Khan"], "Capacity": 50, "Seats Available": 50}]